{
  "test/integration/opaTests.qunit-dbg.js": 1732357025620,
  "test/integration/opaTests.qunit.js": 1732357025620,
  "test/integration/pages/RisksList.js": 1732357025628,
  "test/integration/pages/RisksObjectPage.js": 1732357025628,
  "test/integration/FirstJourney.js": 1732357025644,
  "test/testsuite.qunit.js": 1732357025612,
  "xs-app.json": 1732404081844,
  "manifest.json": 1732369540154,
  "Component.js": 1732357025568,
  "test/testsuite.qunit-dbg.js": 1732357025612,
  "test/testsuite.qunit.js.map": 1732404088402,
  "test/integration/pages/RisksList-dbg.js": 1732357025628,
  "test/integration/pages/RisksList.js.map": 1732404088402,
  "test/integration/pages/RisksObjectPage-dbg.js": 1732357025628,
  "test/integration/pages/RisksObjectPage.js.map": 1732404088400,
  "test/integration/FirstJourney-dbg.js": 1732357025644,
  "test/integration/FirstJourney.js.map": 1732404088400,
  "i18n/i18n.properties": 1732357047232,
  "test/integration/opaTests.qunit.js.map": 1732404088403,
  "Component-dbg.js": 1732357025568,
  "Component.js.map": 1732404088402,
  "Component-preload.js": 1732404088460,
  "Component-preload.js.map": 1732404088460,
  "test/integration/opaTests.qunit.html": 1732357025620,
  "test/testsuite.qunit.html": 1732357025604,
  "test/flpSandbox.html": 1732357025604,
  "index.html": 1732357025568
}